,url
0,https://fanmusicfest.com//content/lovin-ibiza-festival-2023
1,https://fanmusicfest.com//content/ims-dalt-vila-2023
2,https://fanmusicfest.com//content/darkmad-2023
3,https://fanmusicfest.com//content/tv-hardcore-festival-2023
4,https://fanmusicfest.com//content/valencia-flow-fest-2023
5,https://fanmusicfest.com//content/ritmo-festival-2023
6,https://fanmusicfest.com//content/festival-dias-de-campo-2023
7,https://fanmusicfest.com//content/molan-los-90-zaragoza-2023
8,https://fanmusicfest.com//content/love-90s-valencia-2023
9,https://fanmusicfest.com//content/homenaje-la-ruta-90s-2mil-benidorm-2023
10,https://fanmusicfest.com//content/sonar-2023
11,https://fanmusicfest.com//content/offsonar-2023
12,https://fanmusicfest.com//content/o-son-do-camino-2023
13,https://fanmusicfest.com//content/offweek-festival-2023
14,https://fanmusicfest.com//content/animal-sound-festival-2023
15,https://fanmusicfest.com//content/love-90s-madrid-2023
16,https://fanmusicfest.com//content/summer-story-2023
17,https://fanmusicfest.com//content/love-tuentis-2023
18,https://fanmusicfest.com//content/ultra-beach-costa-del-sol-2023
19,https://fanmusicfest.com//content/holika-festival-2023
20,https://fanmusicfest.com//content/maudes-festival-2023
21,https://fanmusicfest.com//content/weekend-beach-festival-2023
22,https://fanmusicfest.com//content/homenaje-la-ruta-90s-2mil-valencia-2023
23,https://fanmusicfest.com//content/fib-2023
24,https://fanmusicfest.com//content/fan-futura-fest-2023
25,https://fanmusicfest.com//content/monegros-desert-festival-2023
26,https://fanmusicfest.com//content/loona-summer-festival-2023
27,https://fanmusicfest.com//content/arenal-sound-2023
28,https://fanmusicfest.com//content/dreambeach-festival-2023
29,https://fanmusicfest.com//content/medusa-sun-beach-festival-2023
30,https://fanmusicfest.com//content/aquasella-2023
31,https://fanmusicfest.com//content/end-world-festival-2023
32,https://fanmusicfest.com//content/love-90s-alicante-2023
33,https://fanmusicfest.com//content/parallel-festival-2023
34,https://fanmusicfest.com//content/extremusika-2023
35,https://fanmusicfest.com//content/wan-festival-2023
36,https://fanmusicfest.com//content/palma-season-fest-2023
37,https://fanmusicfest.com//content/abroadfest-2023
38,https://fanmusicfest.com//content/snowdaze-2023
39,https://fanmusicfest.com//content/iboga-rave-madrid-2023
40,https://fanmusicfest.com//content/makinando-festival-2023
41,https://fanmusicfest.com//content/primavera-festival-caceres-2023
42,https://fanmusicfest.com//content/sun-snow-weekend-2023
43,https://fanmusicfest.com//content/planet-90s-00s-dance-festival-2023
44,https://fanmusicfest.com//content/iboga-rave-valencia-2023
45,https://fanmusicfest.com//content/i-love-music-festival-2023
46,https://fanmusicfest.com//content/lev-2023
0,https://fanmusicfest.com//content/iruna-rock-2023
1,https://fanmusicfest.com//content/iberojoven-2023
2,https://fanmusicfest.com//content/zeid-fest-2023
3,https://fanmusicfest.com//content/sound-isidro-2023
4,https://fanmusicfest.com//content/iboga-rave-valencia-2023
5,https://fanmusicfest.com//content/el-festivalino-de-pescueza-2023
6,https://fanmusicfest.com//content/la-cueva-music-festival-2023
7,https://fanmusicfest.com//content/cruilla-de-primavera-2023
8,https://fanmusicfest.com//content/vina-rock-2023
9,https://fanmusicfest.com//content/solazo-fest-2023
10,https://fanmusicfest.com//content/boqueron-primavera-festival-2023
11,https://fanmusicfest.com//content/valencia-flow-fest-2023
12,https://fanmusicfest.com//content/womad-caceres-2023
13,https://fanmusicfest.com//content/marenostrum-fuengirola-2023
14,https://fanmusicfest.com//content/ciruelas-music-festival-2023
15,https://fanmusicfest.com//content/mallorca-live-festival-2023
16,https://fanmusicfest.com//content/murmura-festival-2023
17,https://fanmusicfest.com//content/riego-music-fest-2023
18,https://fanmusicfest.com//content/el-festival-de-las-estrellas-2023
19,https://fanmusicfest.com//content/ourensound-fest-2023
20,https://fanmusicfest.com//content/murcia-2023
21,https://fanmusicfest.com//content/guadalajara-vive-fest-2023
22,https://fanmusicfest.com//content/kannasur-festival-2023
23,https://fanmusicfest.com//content/primavera-sound-barcelona-2023
24,https://fanmusicfest.com//content/sabatic-fest-2023
25,https://fanmusicfest.com//content/alameda-festival-2023
26,https://fanmusicfest.com//content/primavera-sound-madrid-2023
27,https://fanmusicfest.com//content/noches-del-botanico-2023
28,https://fanmusicfest.com//content/afro-blue-festival-2023
29,https://fanmusicfest.com//content/area-12-2023
30,https://fanmusicfest.com//content/embotonat-festival-2023
31,https://fanmusicfest.com//content/iconica-fest-2023
32,https://fanmusicfest.com//content/o-son-do-camino-2023
33,https://fanmusicfest.com//content/boombastic-festival-madrid-2023
34,https://fanmusicfest.com//content/cabro-rock-2023
35,https://fanmusicfest.com//content/starlite-marbella-2023
36,https://fanmusicfest.com//content/city-festival-huelva-2023
37,https://fanmusicfest.com//content/boombastic-festival-canarias-2023
38,https://fanmusicfest.com//content/open-festival-tomares-2023
39,https://fanmusicfest.com//content/caleidoscopio-music-fest-2023
40,https://fanmusicfest.com//content/reggaeton-beach-festival-marina-dor-2023
41,https://fanmusicfest.com//content/granada-latina-festival-2023
42,https://fanmusicfest.com//content/musica-en-grande-2023
43,https://fanmusicfest.com//content/guitar-bcn-2023
44,https://fanmusicfest.com//content/oasis-sound-festival-2023
45,https://fanmusicfest.com//content/festival-rio-babel-2023
46,https://fanmusicfest.com//content/lagata-reggae-festival-2023
47,https://fanmusicfest.com//content/festival-cueva-de-nerja-2023
48,https://fanmusicfest.com//content/metropoli-gijon-2023
49,https://fanmusicfest.com//content/la-sombra-de-jano-music-festival-2023
50,https://fanmusicfest.com//content/festival-de-la-porta-ferrada-2023
51,https://fanmusicfest.com//content/concert-music-festival-2023
52,https://fanmusicfest.com//content/canet-rock-2023
53,https://fanmusicfest.com//content/bahia-sound-2023
54,https://fanmusicfest.com//content/concerts-de-vivers-2023
55,https://fanmusicfest.com//content/sotogrande-music-festival-2023
56,https://fanmusicfest.com//content/weekend-beach-festival-2023
57,https://fanmusicfest.com//content/cruilla-2023
58,https://fanmusicfest.com//content/bilbao-bbk-live-2023
59,https://fanmusicfest.com//content/mad-cool-festival-2023
60,https://fanmusicfest.com//content/feslloc-2023
61,https://fanmusicfest.com//content/granca-live-fest-2023
62,https://fanmusicfest.com//content/alterna-festival-2023
63,https://fanmusicfest.com//content/pirineos-sur-2023
64,https://fanmusicfest.com//content/isla-bonita-love-festival-2023
65,https://fanmusicfest.com//content/festival-internacional-do-mundo-celta-de-ortigueira-2023
66,https://fanmusicfest.com//content/alma-festival-jardins-pedralbes-2023
67,https://fanmusicfest.com//content/pirata-beach-festival-2023
68,https://fanmusicfest.com//content/boombastic-festival-asturias-2023
69,https://fanmusicfest.com//content/etnosur-2023
70,https://fanmusicfest.com//content/acampada-jove-2023
71,https://fanmusicfest.com//content/festival-sonica-2023
72,https://fanmusicfest.com//content/zevra-festival-2023
73,https://fanmusicfest.com//content/tio-pepe-festival-2023
74,https://fanmusicfest.com//content/leturalma-2023
75,https://fanmusicfest.com//content/sons-del-mon-2023
76,https://fanmusicfest.com//content/cabo-de-plata-2023
77,https://fanmusicfest.com//content/nits-de-vivers-2023
78,https://fanmusicfest.com//content/festival-jardins-terramar-2023
79,https://fanmusicfest.com//content/fan-futura-fest-2023
80,https://fanmusicfest.com//content/imagina-funk-2023
81,https://fanmusicfest.com//content/arenal-sound-2023
82,https://fanmusicfest.com//content/juergas-rock-festival-2023
83,https://fanmusicfest.com//content/arts-destiu-2023
84,https://fanmusicfest.com//content/festiuet-2023
85,https://fanmusicfest.com//content/sonrias-baixas-2023
86,https://fanmusicfest.com//content/som-festival-castello-2023
87,https://fanmusicfest.com//content/boombastic-day-costa-del-sol-2023
88,https://fanmusicfest.com//content/cabaret-festival-el-puerto-de-santa-maria-2023
89,https://fanmusicfest.com//content/rototom-sunsplash-2023
90,https://fanmusicfest.com//content/boombastic-festival-alicante-2023
91,https://fanmusicfest.com//content/rabolagartija-festival-2023
92,https://fanmusicfest.com//content/mediterranea-festival-2023
93,https://fanmusicfest.com//content/festival-de-la-luz-2023
94,https://fanmusicfest.com//content/noches-de-la-maestranza-2023
95,https://fanmusicfest.com//content/grimalrock-2023
96,https://fanmusicfest.com//content/festival-millenni-2021-2022
97,https://fanmusicfest.com//content/miranda-urban-festival-2023
98,https://fanmusicfest.com//content/inverfest-2023
99,https://fanmusicfest.com//content/gazpatxo-rock-2023
100,https://fanmusicfest.com//content/40-minutu-rock-2023
101,https://fanmusicfest.com//content/pirata-fallas-2023
102,https://fanmusicfest.com//content/granada-100-mujer-2023
103,https://fanmusicfest.com//content/live-las-ventas-2023
104,https://fanmusicfest.com//content/iboga-rave-madrid-2023
105,https://fanmusicfest.com//content/senior-festival-2023
106,https://fanmusicfest.com//content/alabordaje-fest-2023
107,https://fanmusicfest.com//content/primavera-trompetera-2023
0,https://fanmusicfest.com//content/minifestival-de-musica-independiente-2023
1,https://fanmusicfest.com//content/madrid-popfest-2023
2,https://fanmusicfest.com//content/horteralia-madrid-2023
3,https://fanmusicfest.com//content/festival-ochentero-sierra-de-cadiz-2023
4,https://fanmusicfest.com//content/la-noche-de-cadena-100-2023
5,https://fanmusicfest.com//content/polar-sound-festival-2023
6,https://fanmusicfest.com//content/bseries-2023
7,https://fanmusicfest.com//content/festival-strenes-2023
8,https://fanmusicfest.com//content/lets-festival-2023
9,https://fanmusicfest.com//content/sound-isidro-2023
10,https://fanmusicfest.com//content/indiferente-festival-2023
11,https://fanmusicfest.com//content/sansan-festival-2023
12,https://fanmusicfest.com//content/microsonidos-2023
13,https://fanmusicfest.com//content/barcelona-psych-fest-2023
14,https://fanmusicfest.com//content/los-40-primavera-pop-2023
15,https://fanmusicfest.com//content/gijon-sound-festival-2023
16,https://fanmusicfest.com//content/festes-de-primavera-lhospitalet-2023
17,https://fanmusicfest.com//content/las-noches-del-malecon-2023
18,https://fanmusicfest.com//content/cruilla-de-primavera-2023
19,https://fanmusicfest.com//content/vibra-mahou-fest-gijon-2023
20,https://fanmusicfest.com//content/festival-al-andalus-2023
21,https://fanmusicfest.com//content/festival-ebroclub-2023
22,https://fanmusicfest.com//content/fiv-2023
23,https://fanmusicfest.com//content/warm-festival-2023
24,https://fanmusicfest.com//content/hurra-romeria-2023
25,https://fanmusicfest.com//content/vid-festival-2023
26,https://fanmusicfest.com//content/la-llum-de-la-lluna-2023
27,https://fanmusicfest.com//content/primavera-aspesuena-2023
28,https://fanmusicfest.com//content/fa-ce-la-fest-2023
29,https://fanmusicfest.com//content/fiestas-de-rivas-2023
30,https://fanmusicfest.com//content/ritmo-festival-2023
31,https://fanmusicfest.com//content/fulanita-fest-2023
32,https://fanmusicfest.com//content/marenostrum-fuengirola-2023
33,https://fanmusicfest.com//content/mallorca-live-festival-2023
34,https://fanmusicfest.com//content/interestelar-sevilla-2023
35,https://fanmusicfest.com//content/embassat-2023
36,https://fanmusicfest.com//content/murmura-festival-2023
37,https://fanmusicfest.com//content/esmorga-fest-2023
38,https://fanmusicfest.com//content/deleste-festival-2023
39,https://fanmusicfest.com//content/oh-see-fest-2023
40,https://fanmusicfest.com//content/spring-festival-2023
41,https://fanmusicfest.com//content/murcia-2023
42,https://fanmusicfest.com//content/guadalajara-vive-fest-2023
43,https://fanmusicfest.com//content/san-miguel-tribu-festival-2023
44,https://fanmusicfest.com//content/lo-esencial-music-festival-2023
45,https://fanmusicfest.com//content/morrison-fest-2023
46,https://fanmusicfest.com//content/primavera-sound-barcelona-2023
47,https://fanmusicfest.com//content/montgorock-mrk-xabia-festival-2023
48,https://fanmusicfest.com//content/block-party-arganzuela-2023
49,https://fanmusicfest.com//content/barbeira-season-fest-2023
50,https://fanmusicfest.com//content/primavera-sound-madrid-2023
51,https://fanmusicfest.com//content/palencia-sonora-2023
52,https://fanmusicfest.com//content/festival-de-les-arts-2023
53,https://fanmusicfest.com//content/sonidos-liquidos-2023-malvasia-volcanica-weekend
54,https://fanmusicfest.com//content/noches-del-botanico-2023
55,https://fanmusicfest.com//content/area-12-2023
56,https://fanmusicfest.com//content/sonar-2023
57,https://fanmusicfest.com//content/o-son-do-camino-2023
58,https://fanmusicfest.com//content/magnific-fest-2023
59,https://fanmusicfest.com//content/festival-de-los-sentidos-2023
60,https://fanmusicfest.com//content/es-jardi-2023
61,https://fanmusicfest.com//content/cosquin-rock-espana-2023
62,https://fanmusicfest.com//content/love-90s-madrid-2023
63,https://fanmusicfest.com//content/el-bosque-sonoro-2023
64,https://fanmusicfest.com//content/101-music-festival-costa-del-sol-2023
65,https://fanmusicfest.com//content/starlite-marbella-2023
66,https://fanmusicfest.com//content/tomavistas-2023
67,https://fanmusicfest.com//content/antorchas-festival-2023
68,https://fanmusicfest.com//content/city-festival-huelva-2023
69,https://fanmusicfest.com//content/mugacu-fest-2023
70,https://fanmusicfest.com//content/love-tuentis-2023
71,https://fanmusicfest.com//content/zorrillas-fest-2023
72,https://fanmusicfest.com//content/my-fest-cantabria-infinita-2023
73,https://fanmusicfest.com//content/musica-en-grande-2023
74,https://fanmusicfest.com//content/guitar-bcn-2023
75,https://fanmusicfest.com//content/vida-festival-2023
76,https://fanmusicfest.com//content/observatorio-festival-2023
77,https://fanmusicfest.com//content/leon-vive-festival-2023
78,https://fanmusicfest.com//content/conexion-valladolid-2023
79,https://fanmusicfest.com//content/polifonik-sound-2023
80,https://fanmusicfest.com//content/oasis-sound-festival-2023
81,https://fanmusicfest.com//content/ojeando-festival-2023
82,https://fanmusicfest.com//content/vive-nigran-2023
83,https://fanmusicfest.com//content/vesu-festival-2023
84,https://fanmusicfest.com//content/festival-de-la-porta-ferrada-2023
85,https://fanmusicfest.com//content/concert-music-festival-2023
86,https://fanmusicfest.com//content/bahia-sound-2023
87,https://fanmusicfest.com//content/concerts-de-vivers-2023
88,https://fanmusicfest.com//content/espazo-fest-2023
89,https://fanmusicfest.com//content/sotogrande-music-festival-2023
90,https://fanmusicfest.com//content/cruilla-2023
91,https://fanmusicfest.com//content/bilbao-bbk-live-2023
92,https://fanmusicfest.com//content/mad-cool-festival-2023
93,https://fanmusicfest.com//content/brisa-festival-2023
94,https://fanmusicfest.com//content/planeta-sound-2023
95,https://fanmusicfest.com//content/cabaret-festival-roquetas-de-mar-2023
96,https://fanmusicfest.com//content/dale-argentina-fest-2023
97,https://fanmusicfest.com//content/isla-bonita-love-festival-2023
98,https://fanmusicfest.com//content/alma-festival-jardins-pedralbes-2023
99,https://fanmusicfest.com//content/fib-2023
100,https://fanmusicfest.com//content/portamerica-2023
101,https://fanmusicfest.com//content/fardelej-festival-rioja-live-2023
102,https://fanmusicfest.com//content/cap-roig-festival-2023
103,https://fanmusicfest.com//content/barranco-fest-2023
104,https://fanmusicfest.com//content/no-sin-musica-2023
105,https://fanmusicfest.com//content/atlantic-fest-2023
106,https://fanmusicfest.com//content/sinsal-esencial-son-estrella-galicia-2023
107,https://fanmusicfest.com//content/sons-del-mon-2023
108,https://fanmusicfest.com//content/universal-music-festival-2023
109,https://fanmusicfest.com//content/nits-de-vivers-2023
110,https://fanmusicfest.com//content/low-festival-2023
111,https://fanmusicfest.com//content/impacto-fest-2023
112,https://fanmusicfest.com//content/mobofest-music-festival-2023
113,https://fanmusicfest.com//content/17o-ribeira-sacra-festival-2023
114,https://fanmusicfest.com//content/festival-jardins-terramar-2023
115,https://fanmusicfest.com//content/fan-futura-fest-2023
116,https://fanmusicfest.com//content/idilic-festival-2023
117,https://fanmusicfest.com//content/morrina-festival-2023
118,https://fanmusicfest.com//content/locos-por-la-musica-2023-fuengirola
119,https://fanmusicfest.com//content/arenal-sound-2023
120,https://fanmusicfest.com//content/cabaret-festival-fuengirola-2023
121,https://fanmusicfest.com//content/santander-music-2023
122,https://fanmusicfest.com//content/prestoso-fest-2023
123,https://fanmusicfest.com//content/brizna-festival-2023
124,https://fanmusicfest.com//content/festival-amante-2023
125,https://fanmusicfest.com//content/luna-sur-festival-2023
126,https://fanmusicfest.com//content/supersonica-festival-2023
127,https://fanmusicfest.com//content/sonorama-ribera-2023
128,https://fanmusicfest.com//content/fiestoron-2023
129,https://fanmusicfest.com//content/vive-la-feria-torrelavega-2023
130,https://fanmusicfest.com//content/cabaret-festival-el-puerto-de-santa-maria-2023
131,https://fanmusicfest.com//content/cooltural-fest-2023
132,https://fanmusicfest.com//content/summerfest-cerdanya-2023
133,https://fanmusicfest.com//content/mediterranea-festival-2023
134,https://fanmusicfest.com//content/phe-festival-2023
135,https://fanmusicfest.com//content/esferica-rioja-alavesa-2023
136,https://fanmusicfest.com//content/sierra-nevada-por-todo-lo-alto-2023
137,https://fanmusicfest.com//content/canelaparty-2023
138,https://fanmusicfest.com//content/contempopranea-2023
139,https://fanmusicfest.com//content/festival-de-la-luz-2023
140,https://fanmusicfest.com//content/random-fest-2023
141,https://fanmusicfest.com//content/ebrovision-2023
142,https://fanmusicfest.com//content/cala-mijas-festival-2023
143,https://fanmusicfest.com//content/gigante-festival-2023
144,https://fanmusicfest.com//content/poetas-del-rock-cuenca-2023
145,https://fanmusicfest.com//content/osa-do-mar-2023
146,https://fanmusicfest.com//content/natural-sonora-2023
147,https://fanmusicfest.com//content/noches-de-la-maestranza-2023
148,https://fanmusicfest.com//content/cabaret-festival-latino-sevilla-2023
149,https://fanmusicfest.com//content/1001-musicas-de-la-alhambra-septiembre-en-el-generalife-2023
150,https://fanmusicfest.com//content/cabaret-festival-mairena-del-aljarafe-2023
151,https://fanmusicfest.com//content/vive-latino-zaragoza-2023
152,https://fanmusicfest.com//content/nachinos-fest-2023
153,https://fanmusicfest.com//content/salamanca-vive-festival-2023
154,https://fanmusicfest.com//content/festival-la-plaza-santander-2023
155,https://fanmusicfest.com//content/granada-sound-2023
156,https://fanmusicfest.com//content/festival-actual-2023
157,https://fanmusicfest.com//content/festival-santaspascuas-20222023
158,https://fanmusicfest.com//content/fea-festival-2023-10o-aniversario
159,https://fanmusicfest.com//content/neu-festival-20222023
160,https://fanmusicfest.com//content/benidorm-fest-2023
161,https://fanmusicfest.com//content/el-dia-de-la-marmota-2023
162,https://fanmusicfest.com//content/inverfest-2023
163,https://fanmusicfest.com//content/emac-2023
164,https://fanmusicfest.com//content/palma-season-fest-2023
165,https://fanmusicfest.com//content/ferrish-fest-2023
166,https://fanmusicfest.com//content/estaciones-sonoras-2023
167,https://fanmusicfest.com//content/mallorca-live-nights-20222023
0,https://fanmusicfest.com//content/boqueron-primavera-festival-2023
1,https://fanmusicfest.com//content/fiestas-de-rivas-2023
2,https://fanmusicfest.com//content/urban-hood-2023
3,https://fanmusicfest.com//content/ciruelas-music-festival-2023
4,https://fanmusicfest.com//content/guadalajara-vive-fest-2023
5,https://fanmusicfest.com//content/kannasur-festival-2023
6,https://fanmusicfest.com//content/alameda-festival-2023
7,https://fanmusicfest.com//content/share-festival-barcelona-2023
8,https://fanmusicfest.com//content/i-love-reggaeton-madrid-2023
9,https://fanmusicfest.com//content/sonar-2023
10,https://fanmusicfest.com//content/o-son-do-camino-2023
11,https://fanmusicfest.com//content/boombastic-festival-madrid-2023
12,https://fanmusicfest.com//content/animal-sound-festival-2023
13,https://fanmusicfest.com//content/oh-my-gol-laliga-music-experience-2023
14,https://fanmusicfest.com//content/boombastic-festival-canarias-2023
15,https://fanmusicfest.com//content/open-festival-tomares-2023
16,https://fanmusicfest.com//content/granada-latina-festival-2023
17,https://fanmusicfest.com//content/sunsetland-festival-2023
18,https://fanmusicfest.com//content/my-fest-cantabria-infinita-2023
19,https://fanmusicfest.com//content/big-sound-festival-2023
20,https://fanmusicfest.com//content/holika-festival-2023
21,https://fanmusicfest.com//content/leon-vive-festival-2023
22,https://fanmusicfest.com//content/puro-latino-fest-sevilla-2023
23,https://fanmusicfest.com//content/conexion-valladolid-2023
24,https://fanmusicfest.com//content/oasis-sound-festival-2023
25,https://fanmusicfest.com//content/festival-rio-babel-2023
26,https://fanmusicfest.com//content/puro-latino-fest-madrid-2023
27,https://fanmusicfest.com//content/salinas-sound-festival-2023
28,https://fanmusicfest.com//content/reggaeton-beach-festival-tenerife-2023
29,https://fanmusicfest.com//content/reggaeton-beach-festival-asturias-2023
30,https://fanmusicfest.com//content/bahia-sound-2023
31,https://fanmusicfest.com//content/sotogrande-music-festival-2023
32,https://fanmusicfest.com//content/weekend-beach-festival-2023
33,https://fanmusicfest.com//content/reggaeton-beach-festival-benidorm-2023
34,https://fanmusicfest.com//content/reggaeton-beach-festival-marbella-2023
35,https://fanmusicfest.com//content/pirata-beach-festival-2023
36,https://fanmusicfest.com//content/boombastic-festival-asturias-2023
37,https://fanmusicfest.com//content/covaleda-fest-2023
38,https://fanmusicfest.com//content/reggaeton-beach-festival-mallorca-2023
39,https://fanmusicfest.com//content/latin-fest-valencia-2023
40,https://fanmusicfest.com//content/zevra-festival-2023
41,https://fanmusicfest.com//content/puro-latino-fest-torremolinos-2023
42,https://fanmusicfest.com//content/reggaeton-beach-festival-barcelona-2023
43,https://fanmusicfest.com//content/reggaeton-beach-festival-madrid-2023
44,https://fanmusicfest.com//content/cabo-de-plata-2023
45,https://fanmusicfest.com//content/impacto-fest-2023
46,https://fanmusicfest.com//content/fan-futura-fest-2023
47,https://fanmusicfest.com//content/morrina-festival-2023
48,https://fanmusicfest.com//content/reggaeton-beach-festival-santander-2023
49,https://fanmusicfest.com//content/loona-summer-festival-2023
50,https://fanmusicfest.com//content/arenal-sound-2023
51,https://fanmusicfest.com//content/puro-latino-fest-cadiz-2023
52,https://fanmusicfest.com//content/sonrias-baixas-2023
53,https://fanmusicfest.com//content/dreambeach-festival-2023
54,https://fanmusicfest.com//content/vive-la-feria-torrelavega-2023
55,https://fanmusicfest.com//content/reggaeton-beach-festival-galicia-2023
56,https://fanmusicfest.com//content/boombastic-day-costa-del-sol-2023
57,https://fanmusicfest.com//content/boombastic-festival-alicante-2023
58,https://fanmusicfest.com//content/riverland-festival-2023
59,https://fanmusicfest.com//content/negrita-music-festival-2023
60,https://fanmusicfest.com//content/salamanca-vive-festival-2023
61,https://fanmusicfest.com//content/cranc-festival-2023
62,https://fanmusicfest.com//content/metro-urban-fest-2023
63,https://fanmusicfest.com//content/madrid-salvaje-2023
64,https://fanmusicfest.com//content/rocanrola-alicante-2023
65,https://fanmusicfest.com//content/extremusika-2023
66,https://fanmusicfest.com//content/miranda-urban-festival-2023
67,https://fanmusicfest.com//content/pirata-fallas-2023
68,https://fanmusicfest.com//content/la-noche-de-cadena-100-2023
69,https://fanmusicfest.com//content/primaverando-sevilla-festival-2023
70,https://fanmusicfest.com//content/primavera-festival-caceres-2023
71,https://fanmusicfest.com//content/primavera-trompetera-2023
72,https://fanmusicfest.com//content/bseries-2023
73,https://fanmusicfest.com//content/los-40-primavera-pop-2023
74,https://fanmusicfest.com//content/la-cueva-music-festival-2023
75,https://fanmusicfest.com//content/las-noches-del-malecon-2023
76,https://fanmusicfest.com//content/solazo-fest-2023
77,https://fanmusicfest.com//content/fuc-festival-universitario-castellon-2023
0,https://fanmusicfest.com//content/40-minutu-rock-2023
1,https://fanmusicfest.com//content/pirata-fallas-2023
2,https://fanmusicfest.com//content/heavy-metal-espectros-2023
3,https://fanmusicfest.com//content/candeloria-2023
4,https://fanmusicfest.com//content/adictes-fest-2023
5,https://fanmusicfest.com//content/palacio-metal-fest-2023
6,https://fanmusicfest.com//content/devils-groove-metal-fest-2023
7,https://fanmusicfest.com//content/euskal-metal-fest-2023
8,https://fanmusicfest.com//content/puertollano-winter-festival-2023
9,https://fanmusicfest.com//content/diario-de-un-metalhead-fest-2023
10,https://fanmusicfest.com//content/pounding-metal-fest-2023
11,https://fanmusicfest.com//content/iberian-southern-warriors-metal-fest-2023
12,https://fanmusicfest.com//content/iberian-warriors-metal-fest-2023
13,https://fanmusicfest.com//content/rebel-fest-2023
14,https://fanmusicfest.com//content/alabordaje-fest-2023
15,https://fanmusicfest.com//content/iruna-rock-2023
16,https://fanmusicfest.com//content/festival-guoman-2023
17,https://fanmusicfest.com//content/trincheras-rock-2023
18,https://fanmusicfest.com//content/metalmeria-2023
19,https://fanmusicfest.com//content/crapula-go-go-2023
20,https://fanmusicfest.com//content/microsonidos-2023
21,https://fanmusicfest.com//content/barcelona-psych-fest-2023
22,https://fanmusicfest.com//content/torrock-festival-2023
23,https://fanmusicfest.com//content/san-jorge-rock-2023
24,https://fanmusicfest.com//content/me-dan-arkadas-fest-2023
25,https://fanmusicfest.com//content/araba-distortion-fest-2023
26,https://fanmusicfest.com//content/cachopo-fest-2023
27,https://fanmusicfest.com//content/bbfest-burgos-brass-fest-primavera-2023
28,https://fanmusicfest.com//content/southern-metal-fest-2023
29,https://fanmusicfest.com//content/kalagurrirock-2023
30,https://fanmusicfest.com//content/vina-rock-2023
31,https://fanmusicfest.com//content/festival-ebroclub-2023
32,https://fanmusicfest.com//content/darkmad-2023
33,https://fanmusicfest.com//content/desemboca-rocknroll-festival-2023
34,https://fanmusicfest.com//content/beach-riot-fest-2023
35,https://fanmusicfest.com//content/volcano-fest-2023
36,https://fanmusicfest.com//content/galia-metal-fest-2023
37,https://fanmusicfest.com//content/vertigo-rock-2023
38,https://fanmusicfest.com//content/zotes-rock-2023
39,https://fanmusicfest.com//content/storm-metal-fest-2023
40,https://fanmusicfest.com//content/caceres-underground-weekend-2023
41,https://fanmusicfest.com//content/orozkorock-2023
42,https://fanmusicfest.com//content/no-future-fest-2023-vol5
43,https://fanmusicfest.com//content/rocktabator-fest-2023
44,https://fanmusicfest.com//content/vincula-rock-2023
45,https://fanmusicfest.com//content/ourensound-fest-2023
46,https://fanmusicfest.com//content/kristonfest-2023
47,https://fanmusicfest.com//content/montgorock-mrk-xabia-festival-2023
48,https://fanmusicfest.com//content/surf-o-rama-festival-2023
49,https://fanmusicfest.com//content/block-party-arganzuela-2023
50,https://fanmusicfest.com//content/iberia-festival-murcia-2023
51,https://fanmusicfest.com//content/chichotorment-fest-2023
52,https://fanmusicfest.com//content/ehuneko-bat-2023
53,https://fanmusicfest.com//content/z-live-rock-fest-2023
54,https://fanmusicfest.com//content/astudillo-punk-rock-2023
55,https://fanmusicfest.com//content/oleorock-2023
56,https://fanmusicfest.com//content/azkena-rock-festival-2023
57,https://fanmusicfest.com//content/osteguna-rock-festival-2023
58,https://fanmusicfest.com//content/renacer-metal-fest-2023
59,https://fanmusicfest.com//content/festival-vintoro-2023
60,https://fanmusicfest.com//content/kabiefest-metal-2023
61,https://fanmusicfest.com//content/hdc-843-rockin-fest-2023
62,https://fanmusicfest.com//content/rock-n-blues-festival-2023
63,https://fanmusicfest.com//content/rock-imperium-festival-2023
64,https://fanmusicfest.com//content/wild-fest-2023
65,https://fanmusicfest.com//content/bbk-music-legends-festival-2023
66,https://fanmusicfest.com//content/zeporock-2023
67,https://fanmusicfest.com//content/koba-live-2023
68,https://fanmusicfest.com//content/candil-rock-2023
69,https://fanmusicfest.com//content/resurrection-fest-2023
70,https://fanmusicfest.com//content/antifa-rock-juneda-2023
71,https://fanmusicfest.com//content/suberock-2023
72,https://fanmusicfest.com//content/vdb-rock-2023
73,https://fanmusicfest.com//content/canet-rock-2023
74,https://fanmusicfest.com//content/maizu-rock-2023
75,https://fanmusicfest.com//content/psychobilly-meeting-2023
76,https://fanmusicfest.com//content/mad-cool-festival-2023
77,https://fanmusicfest.com//content/festival-blues-cazorla-2023
78,https://fanmusicfest.com//content/zurbaran-rock-2023
79,https://fanmusicfest.com//content/alterna-festival-2023
80,https://fanmusicfest.com//content/mondra-roll-2023
81,https://fanmusicfest.com//content/galleta-rock-fest-2023
82,https://fanmusicfest.com//content/dolmen-music-fest-2023
83,https://fanmusicfest.com//content/pirata-beach-festival-2023
84,https://fanmusicfest.com//content/motorbeach-festival-2023
85,https://fanmusicfest.com//content/estaka-rock-festival-2023
86,https://fanmusicfest.com//content/huercasa-country-festival-2023
87,https://fanmusicfest.com//content/rock-land-art-fest-2023
88,https://fanmusicfest.com//content/kanekas-metal-fest-2023
89,https://fanmusicfest.com//content/tresparock-2023
90,https://fanmusicfest.com//content/castelo-rock-2023
91,https://fanmusicfest.com//content/tsunami-xixon-festival-2023
92,https://fanmusicfest.com//content/enclave-de-agua-2023
93,https://fanmusicfest.com//content/ezca-fest-2023
94,https://fanmusicfest.com//content/barna-n-roll-2023
95,https://fanmusicfest.com//content/bellota-rock-fest-2023
96,https://fanmusicfest.com//content/barcia-metal-fest-2023
97,https://fanmusicfest.com//content/charca-rock-2023
98,https://fanmusicfest.com//content/juergas-rock-festival-2023
99,https://fanmusicfest.com//content/festiuet-2023
100,https://fanmusicfest.com//content/cebolla-rock-2023
101,https://fanmusicfest.com//content/choorock-festival-2023
102,https://fanmusicfest.com//content/festival-novato-rock-2023
103,https://fanmusicfest.com//content/leyendas-del-rock-2023
104,https://fanmusicfest.com//content/fiestoron-2023
105,https://fanmusicfest.com//content/rock-pino-2023
106,https://fanmusicfest.com//content/frank-rock-blues-festival-2023
107,https://fanmusicfest.com//content/rabolagartija-festival-2023
108,https://fanmusicfest.com//content/abejarock-2023
109,https://fanmusicfest.com//content/sierra-nevada-por-todo-lo-alto-2023
110,https://fanmusicfest.com//content/ochandurock-2023
111,https://fanmusicfest.com//content/unirock-2023
112,https://fanmusicfest.com//content/ripollet-rock-2023
113,https://fanmusicfest.com//content/rock-en-femenino-2023
114,https://fanmusicfest.com//content/poetas-del-rock-cuenca-2023
115,https://fanmusicfest.com//content/grimalrock-2023
116,https://fanmusicfest.com//content/alpujarrako-fest-2023
117,https://fanmusicfest.com//content/algarroba-rock-fest-2023
118,https://fanmusicfest.com//content/beltane-fest-2023
119,https://fanmusicfest.com//content/festival-revenidas-2023
120,https://fanmusicfest.com//content/burgore-death-fest-2023
121,https://fanmusicfest.com//content/inkestas-rock-festibal-2023
122,https://fanmusicfest.com//content/karma-fest-2023
123,https://fanmusicfest.com//content/festijack-2023
124,https://fanmusicfest.com//content/iberia-festival-2023
125,https://fanmusicfest.com//content/ginetarock-festival-2023
126,https://fanmusicfest.com//content/aquelarre-metalrock-fest-2023
127,https://fanmusicfest.com//content/full-metal-holiday-2023-destination-mallorca
128,https://fanmusicfest.com//content/festardor-2023
129,https://fanmusicfest.com//content/extremusika-2023
130,https://fanmusicfest.com//content/caravaca-power-pop-2023
131,https://fanmusicfest.com//content/skulls-metal-2023
132,https://fanmusicfest.com//content/festival-actual-2023
133,https://fanmusicfest.com//content/gabonak-hell-2023
134,https://fanmusicfest.com//content/fck-censorship-festival-2023
135,https://fanmusicfest.com//content/sant-antoni-pop-festival-2023
136,https://fanmusicfest.com//content/rockin-race-jamboree-2023
137,https://fanmusicfest.com//content/gazpatxo-rock-2023
138,https://fanmusicfest.com//content/extreme-division-mallorca-fest-2023
139,https://fanmusicfest.com//content/valladolid-blues-2023
140,https://fanmusicfest.com//content/carrion-rock-festival-2023
141,https://fanmusicfest.com//content/wachina-wachina-fest-2023
142,https://fanmusicfest.com//content/black-sound-fest-2023
143,https://fanmusicfest.com//content/heavy-jaia-2023
